question,answer
What are the must-visit attractions in Delhi?,"Delhi is rich in history and culture. Must-visit attractions include India Gate, Qutub Minar, Red Fort, Humayun's Tomb, and the Lotus Temple."
How can I reach Delhi?,"Delhi is well-connected by air, rail, and road. Indira Gandhi International Airport (DEL) serves the city, and there are multiple railway stations. Buses and metro services are available for local transportation."
What is the best time to visit Delhi?,The best time to visit Delhi is from October to March when the weather is pleasant. Winters (December to February) are particularly enjoyable.
Can you recommend some budget-friendly hotels in Delhi?,"Certainly! Some budget-friendly hotels in Delhi include Hotel Tara Palace, Smyle Inn, and Hotel Ajanta."
How do I get around in Delhi?,"Delhi has an extensive public transport system. You can use the Delhi Metro, buses, auto-rickshaws, and cycle-rickshaws. Taxis and ride-sharing services like Ola and Uber are also available."
Where can I experience Delhi's street food?,"Delhi is famous for its street food. Chandni Chowk, Karim's, and Paranthe Wali Gali are popular spots. Don't miss trying chaat, kebabs, and paranthas."
Are there any markets for shopping in Delhi?,"Yes, Delhi offers a variety of markets. Sarojini Nagar, Connaught Place, and Janpath are famous for shopping. You can find clothing, accessories, and handicrafts."
How can I book a guided tour of Delhi?,"You can book guided tours through various travel agencies, or you can opt for guided tours offered by government tourism services. Many online platforms also provide options for guided city tours."
What are some luxury hotels in Delhi?,"For a luxurious stay, you can consider hotels like The Taj Mahal Hotel, The Oberoi, and The Leela Palace."
Is there a specific dress code for visiting religious places in Delhi?,"It's advisable to dress modestly when visiting religious places in Delhi. Avoid shorts and sleeveless tops, and consider covering your head in places of worship."
What are the must-visit attractions in Mumbai?,"Mumbai offers a mix of historical and modern attractions. Must-visit places include the Gateway of India, Marine Drive, Chhatrapati Shivaji Maharaj Terminus, and Elephanta Caves."
How can I reach Mumbai?,"Mumbai is well-connected by air, rail, and road. Chhatrapati Shivaji Maharaj International Airport (BOM) is the primary airport, and the city has several railway stations. Buses and taxis are also available for local transport."
What is the best time to visit Mumbai?,"The best time to visit Mumbai is from October to March when the weather is pleasant. However, Mumbai has a coastal climate, and monsoons (June to September) bring heavy rainfall."
Can you recommend some budget-friendly hotels in Mumbai?,"Certainly! Some budget-friendly hotels in Mumbai include Hotel Sea Princess, Hotel Sea Sands, and Hotel Accord."
How do I get around in Mumbai?,"Mumbai has an extensive public transportation system. You can use local trains, buses, auto-rickshaws, and taxis. Ride-sharing services like Ola and Uber are also available."
Where can I experience Mumbai's street food?,"Mumbai is famous for its street food. Visit places like Chowpatty Beach for pav bhaji and bhel puri, and Mohammed Ali Road for delicious kebabs and sweets."
Are there any famous markets in Mumbai for shopping?,"Yes, Mumbai has bustling markets. Colaba Causeway, Linking Road, and Crawford Market are popular for shopping. You can find a variety of items, from clothes to handicrafts."
What are some iconic landmarks in Mumbai?,"Apart from the Gateway of India and Marine Drive, iconic landmarks include the Bandra-Worli Sea Link, Haji Ali Dargah, and the Rajabai Clock Tower."
How can I book tickets for local attractions in Mumbai?,You can often book tickets for attractions online through their official websites or trusted travel platforms. Some places also offer on-the-spot ticket purchase.
What are some luxury hotels in Mumbai?,"For a luxurious stay, you can consider hotels like The Taj Mahal Palace, The Oberoi Mumbai, and The St. Regis Mumbai."
How can I explore Bollywood in Mumbai?,"To explore Bollywood, you can take studio tours or visit Film City. You might also get a chance to spot celebrities or attend a live film shoot."
Are there any cultural events or festivals in Mumbai that I should be aware of?,Mumbai hosts various cultural events and festivals throughout the year. The Kala Ghoda Arts Festival and Ganesh Chaturthi are particularly popular.
Can you recommend some hotels in Mumbai?,"Certainly! Mumbai offers a range of accommodation options. Some notable hotels include Trident Nariman Point, JW Marriott Mumbai Juhu, and The Leela Mumbai."
How can I book a hotel in Mumbai?,"You can book hotels in Mumbai through various online platforms like Booking.com, Agoda, or directly on the hotel's official website. It's advisable to book in advance, especially during peak tourist seasons."
What are the transportation options within Mumbai?,"Mumbai has a well-developed transportation system. You can use local trains, BEST buses, auto-rickshaws, and taxis for local travel. Additionally, app-based cab services like Uber and Ola are widely available."
How can I travel from Mumbai to other cities in India?,"Mumbai is a major transportation hub. You can travel to other cities by train, bus, or domestic flights from Chhatrapati Shivaji Maharaj International Airport."
What are the must-visit attractions in Jaipur?,"Some of the must-visit attractions in Jaipur include Hawa Mahal, City Palace, Amber Fort, Jantar Mantar, and Nahargarh Fort."
How can I reach Jaipur?,"Jaipur is well-connected by air, rail, and road. The Jaipur International Airport (JAI) serves the city, and there are regular trains and buses from major cities in India."
What is the best time to visit Jaipur?,"The best time to visit Jaipur is from October to March when the weather is pleasant. Summers can be very hot, so it's advisable to avoid visiting during that time."
Can you recommend some budget-friendly hotels in Jaipur?,"Sure, some budget-friendly hotels in Jaipur include Hotel Pearl Palace, Hotel Arya Niwas, and Hotel Haveli."
How do I get around in Jaipur?,"Jaipur has various transportation options. You can use auto-rickshaws, cycle-rickshaws, and taxis. Ride-sharing services like Ola and Uber are also available. The city also has a well-connected bus service."
Are there any good shopping places in Jaipur?,"Yes, Jaipur is famous for its vibrant markets. Johari Bazaar for jewelry, Tripolia Bazaar for handicrafts, and Bapu Bazaar for textiles are popular choices."
What are some popular local dishes to try in Jaipur?,"Rajasthani cuisine is rich and flavorful. Don't miss trying Dal Baati Churma, Ker Sangri, and Ghewar. Lassiwala is a famous spot for refreshing lassi."
How can I book tickets for local attractions in Jaipur in advance?,You can often book tickets for attractions online through their official websites or trusted travel platforms. Some places also offer on-the-spot ticket purchase.
What are the main attractions in Varanasi?,"Varanasi is known for its spiritual and cultural heritage. Key attractions include the ghats along the Ganges River, Kashi Vishwanath Temple, Sarnath, and the Gyanvapi Mosque."
How can I reach Varanasi?,"Varanasi is well-connected by air, rail, and road. Lal Bahadur Shastri International Airport (VNS) is the nearest airport. Varanasi Junction is a major railway station, and buses also ply to and from various cities."
What is the best time to visit Varanasi?,The best time to visit Varanasi is from October to March when the weather is relatively pleasant. The months of November to February are ideal for a comfortable stay.
Can you recommend some budget-friendly hotels in Varanasi?,"Certainly! Some budget-friendly hotels in Varanasi include Shree Hare Rama Hare Krishna Guest House, Bunkedup Hostel, and Kedar Guest House."
How do I get around in Varanasi?,"Varanasi has a network of cycle rickshaws, auto-rickshaws, and taxis for local transportation. Walking is also a common way to explore the narrow lanes and ghats. Boats are available for river excursions."
What is the significance of the ghats in Varanasi?,"The ghats of Varanasi hold immense spiritual significance. They are used for rituals, ceremonies, and bathing in the Ganges. Dashashwamedh Ghat and Assi Ghat are among the most famous."
Are there any specific rituals or ceremonies I should witness in Varanasi?,"Yes, the Ganga Aarti at Dashashwamedh Ghat is a must-see. It takes place in the evening and involves elaborate rituals with lamps, incense, and chanting. Boat rides during the Aarti offer a unique perspective."
What are some popular markets in Varanasi for shopping?,"Varanasi is known for its silk products, handicrafts, and jewelry. Visit Thatheri Bazaar, Godowlia Market, and Vishwanath Gali for a diverse shopping experience."
How can I experience the local cuisine in Varanasi?,"Varanasi offers a variety of vegetarian dishes. Try local specialties like Banarasi Paan, Kachori Sabzi, and Lassi. Visit Vishwanath Gali for street food and traditional sweets."
What are the options for a boat ride on the Ganges in Varanasi?,"Boat rides on the Ganges are popular for witnessing the ghats and rituals. You can hire boats for sunrise and sunset rides, and longer excursions are also available for exploring nearby ghats."
Can you recommend some hotels with a view of the Ganges in Varanasi?,"Certainly! Some hotels with a view of the Ganges include Brijrama Palace, Ganges Grand, and Kedareswar Bed and Breakfast."
How can I book a hotel in Varanasi?,"You can book hotels in Varanasi through various online platforms like Booking.com, Agoda, or directly on the hotel's official website. It's advisable to book in advance, especially during festivals or peak seasons."
What is the significance of Sarnath in Varanasi?,Sarnath is an important Buddhist pilgrimage site near Varanasi. It is where Buddha gave his first sermon after attaining enlightenment. The Dhamek Stupa and the Ashoka Pillar are key attractions.
Are there any cultural festivals or events in Varanasi that I should attend?,"Varanasi hosts several festivals, including Dev Deepawali and Kartik Purnima. Dev Deepawali, celebrated 15 days after Diwali, is known for illuminated ghats and Ganga Aarti. Kartik Purnima involves the lighting of lamps along the ghats."
How can I participate in a yoga or meditation session in Varanasi?,Varanasi offers various yoga and meditation centers. You can inquire at your hotel or visit specific ashrams and centers that conduct classes and sessions for tourists.
What are the main attractions in Goa?,"Goa is known for its beautiful beaches, vibrant nightlife, and historic sites. Must-visit attractions include Baga Beach, Calangute Beach, Fort Aguada, Dudhsagar Waterfalls, and the Basilica of Bom Jesus."
How can I reach Goa?,"Goa is well-connected by air, rail, and road. Dabolim Airport (GOI) is the primary airport. The major railway station is Madgaon, and buses and taxis are available for local transportation."
What is the best time to visit Goa?,"The best time to visit Goa is from November to February when the weather is pleasant. This period is ideal for beach activities, water sports, and outdoor exploration."
Can you recommend some budget-friendly hotels in Goa?,"Certainly! Some budget-friendly hotels in Goa include Hotel Colva Kinara, Palacio De Goa, and Santiago Resort."
How do I get around in Goa?,"Goa has a well-established transportation system. You can use taxis, auto-rickshaws, and rental scooters or bikes for local travel. Buses also connect various parts of the state."
What are some popular beaches in Goa?,"Goa is famous for its beaches. Baga Beach, Calangute Beach, Anjuna Beach, and Palolem Beach are popular choices offering a mix of relaxation and water sports."
Are there any water sports activities in Goa?,"Yes, Goa offers a variety of water sports such as parasailing, jet-skiing, banana boat rides, and windsurfing. Adventure enthusiasts can explore these activities at beaches like Baga and Calangute."
What are some famous markets in Goa for shopping?,"Goa is known for its vibrant markets. Anjuna Flea Market, Mapusa Market, and Calangute Market are popular for shopping for clothing, accessories, and souvenirs."
How can I experience the nightlife in Goa?,Goa has a lively nightlife scene. Visit popular clubs and beach shacks in areas like Baga and Anjuna. Tito's and Mambo's are well-known clubs for partying.
What are some cultural events or festivals in Goa that I should attend?,"Goa hosts various festivals and events throughout the year. The Goa Carnival, Shigmo Festival, and Christmas celebrations are cultural events that attract tourists."
Can you recommend some hotels with beachfront views in Goa?,"Certainly! Some hotels with beachfront views in Goa include The Leela Goa, Taj Exotica Resort & Spa, and Zuri White Sands Resort."
How can I book a hotel in Goa?,"You can book hotels in Goa through various online platforms like Booking.com, Agoda, or directly on the hotel's official website. It's advisable to book in advance, especially during peak tourist seasons."
What are the transportation options for day trips in Goa?,"For day trips in Goa, you can hire taxis, join organized tours, or rent a scooter/bike to explore attractions like Dudhsagar Waterfalls, Spice Plantations, and Old Goa churches."
Are there any wildlife sanctuaries or nature reserves in Goa?,"Yes, Goa has wildlife sanctuaries such as Bhagwan Mahavir Wildlife Sanctuary and Salim Ali Bird Sanctuary. These are ideal for nature lovers and birdwatchers."
What are the options for Ayurvedic treatments and spas in Goa?,"Goa offers various Ayurvedic treatments and spas for relaxation. Many resorts and wellness centers provide rejuvenating therapies, massages, and yoga sessions."
What is the main attraction in Agra?,"The main attraction in Agra is the iconic Taj Mahal, a UNESCO World Heritage Site and one of the Seven Wonders of the World."
When is the best time to visit Agra?,"The best time to visit Agra is during the winter months, from October to March, when the weather is pleasant and suitable for sightseeing."
How can I reach Agra?,"Agra is well-connected by air, road, and rail. The nearest airport is Agra Airport (AGR), and there are regular trains and buses from major cities in India."
"Apart from the Taj Mahal, what are other attractions in Agra?","In addition to the Taj Mahal, Agra has other notable attractions like Agra Fort, Fatehpur Sikri, Itmad-ud-Daula's Tomb, and Mehtab Bagh."
What is the best time to visit the Taj Mahal?,"The best time to visit the Taj Mahal is early in the morning during sunrise or in the late afternoon during sunset to witness the monument bathed in soft, golden light."
Are there any specific rules or dress codes for visiting the Taj Mahal?,"Yes, visitors to the Taj Mahal are required to adhere to a dress code. Modest clothing is recommended, and certain items like tripods are not allowed inside the monument."
What are some recommended places to eat in Agra?,"Agra offers a variety of dining options. Some recommended places to eat include Peshawri, Joney's Place, and Dasaprakash."
Is Agra safe for tourists?,"Agra is generally safe for tourists, but it's advisable to take standard precautions. Avoid poorly lit areas at night, be cautious with belongings, and use authorized transportation services."
How much time should I plan for a visit to Agra?,"Agra can be explored in 2-3 days, allowing you to visit the major attractions like the Taj Mahal, Agra Fort, and Fatehpur Sikri at a comfortable pace."
Are there any cultural events or festivals in Agra that I should be aware of?,"Agra hosts various cultural events, and festivals throughout the year. The Taj Mahotsav, held in February, is a cultural extravaganza showcasing India's rich heritage."
Can you recommend some hotels in Agra?,"Certainly! Agra offers a range of accommodation options. Some notable hotels include The Oberoi Amarvilas, Tajview - IHCL SeleQtions, and Radisson Blu Agra Taj East Gate."
How can I book a hotel in Agra?,"You can book hotels in Agra through various online platforms like Booking.com, Agoda, or directly on the hotel's official website. It's advisable to book in advance, especially during peak tourist seasons."
What are the transportation options within Agra?,"Agra has a well-developed transportation system. You can use auto-rickshaws, cycle-rickshaws, and taxis for local travel. Additionally, many hotels offer transportation services, and there are app-based cab services like Uber and Ola available."
How can I travel from Agra to other cities in India?,Agra is well-connected by train and road to major cities. There are also domestic flights from Agra Airport to some destinations. You can book train tickets through IRCTC and use long-distance buses or private cabs for road travel.
Is it easy to find transportation from the hotel to tourist attractions?,"Yes, most hotels in Agra offer transportation services for sightseeing. Additionally, auto-rickshaws, taxis, and cycle-rickshaws are readily available for short-distance travel within the city."
What are the main attractions in Kochi?,"Kochi is known for its rich history and cultural heritage. Must-visit attractions include Fort Kochi, Mattancherry Palace, Chinese Fishing Nets, and the Jewish Synagogue."
How can I reach Kochi?,"Kochi is well-connected by air, rail, and road. Cochin International Airport (COK) is the primary airport, and there are major railway stations in the city. Buses and taxis are available for local transportation."
What is the best time to visit Kochi?,The best time to visit Kochi is from October to March when the weather is pleasant. These months offer comfortable temperatures and are ideal for exploring the city.
Can you recommend some budget-friendly hotels in Kochi?,"Certainly! Some budget-friendly hotels in Kochi include Forte Kochi, Bastian Homestay, and Grand Hyatt Kochi Bolgatty."
How do I get around in Kochi?,"Kochi has a well-developed transportation system. You can use auto-rickshaws, cycle-rickshaws, and taxis for local travel. Additionally, there are ferry services connecting different parts of the city."
Are there any famous markets in Kochi for shopping?,"Yes, Kochi offers vibrant markets. Jew Town, Broadway, and MG Road are popular for shopping. You can find spices, textiles, and traditional handicrafts."
What are some local dishes to try in Kochi?,"Kochi is known for its delicious seafood. Don't miss trying dishes like Karimeen Pollichathu, Appam with Stew, and Malabar Biryani. You can also explore local street food."
How can I book tickets for local attractions in Kochi?,You can often book tickets for attractions online through their official websites or trusted travel platforms. Some places also offer on-the-spot ticket purchase.
Can you recommend some hotels with a view in Kochi?,"Certainly! Some hotels with a view in Kochi include Grand Hyatt Kochi Bolgatty, Kochi Marriott Hotel, and Forte Kochi."
How can I book a hotel in Kochi?,"You can book hotels in Kochi through various online platforms like Booking.com, Agoda, or directly on the hotel's official website. It's advisable to book in advance, especially during peak tourist seasons."
What are the transportation options for day trips from Kochi?,"For day trips from Kochi, you can hire taxis, join organized tours, or use public transportation to explore nearby attractions like Munnar, Alleppey, and Thekkady."
Are there any cultural events or festivals in Kochi that I should attend?,"Kochi hosts various cultural events and festivals. The Cochin Carnival, held in late December, is a vibrant celebration with music, dance, and a grand parade. The Kochi-Muziris Biennale showcases contemporary art."
What are some water-based activities available in Kochi?,"Kochi offers boat rides, backwater cruises, and houseboat experiences. You can explore the scenic backwaters and visit nearby islands. Sunset cruises are also popular."
What are the main attractions in Rishikesh?,"Rishikesh is known for its spiritual and adventure activities. The main attractions include Triveni Ghat, The Beatles Ashram, Lakshman Jhula, and river rafting on the Ganges."
How can I reach Rishikesh?,"The nearest airport is Jolly Grant Airport (DED) in Dehradun. Rishikesh is well-connected by road, and Haridwar Junction is the nearest major railway station."
What are some recommended places to visit in Haridwar?,"Haridwar is known for its spiritual significance. Key places to visit include Har Ki Pauri, Mansa Devi Temple, Chandi Devi Temple, and attending the Ganga Aarti."
Is there a specific time to attend the Ganga Aarti in Haridwar?,"Yes, the Ganga Aarti at Har Ki Pauri takes place in the evening. It's a mesmerizing ritual with lamps, chants, and the offering of prayers to the Ganges."
Are there adventure activities available in Rishikesh?,"Absolutely! Rishikesh is a hub for adventure enthusiasts. You can try river rafting, trekking, camping, and bungee jumping at various adventure camps in the region."
What is the best time to visit Rishikesh and Haridwar?,"The best time to visit is from September to November and February to June. During these periods, the weather is pleasant for both sightseeing and adventure activities."
Can you recommend budget-friendly accommodations in Rishikesh and Haridwar?,"Certainly! In Rishikesh, options like Zostel, Bunk Stay, and Moustache Hostel are budget-friendly. In Haridwar, Hotel Alpana, Hotel Trishul, and Hotel Ganga Vilas offer affordable stays."
What are the transportation options between Rishikesh and Haridwar?,"Rishikesh and Haridwar are well-connected by road. You can take a bus or hire a taxi. The distance is short, and the journey offers scenic views of the Ganges and the Himalayas."
Are there any local markets for shopping in Rishikesh and Haridwar?,"Yes, Rishikesh and Haridwar have vibrant markets. Laxman Jhula Market in Rishikesh and Moti Bazaar in Haridwar are popular for shopping for spiritual items, souvenirs, and local handicrafts."
How can I participate in a yoga or meditation session in Rishikesh?,Rishikesh is known as the 'Yoga Capital of the World.' Many ashrams and yoga centers offer classes and retreats. The Parmarth Niketan and The Art of Living Ashram are renowned for yoga and spiritual practices.
What are some popular local dishes to try in Rishikesh and Haridwar?,"Rishikesh and Haridwar offer vegetarian and traditional North Indian cuisine. Try local specialties like Aloo Puri, Chole Bhature, and street-side chaat."
How can I book a hotel in Rishikesh and Haridwar?,"You can book hotels through various online platforms like Booking.com, Agoda, or directly on the hotel's official websites. It's recommended to book in advance, especially during peak tourist seasons."
What are the must-visit attractions in Shimla?,"Shimla is known for its scenic beauty and colonial architecture. Must-visit attractions include The Ridge, Jakhoo Temple, Mall Road, Christ Church, and the Viceregal Lodge."
How can I reach Shimla?,"The nearest airport is Jubbarhatti Airport (SHL). Shimla is well-connected by road, and the Kalka-Shimla Railway offers a picturesque train journey. Buses and taxis are also available."
What is the best time to visit Shimla?,"The best time to visit Shimla is from March to June when the weather is pleasant. Winters (December to February) offer a chance to experience snowfall, while monsoons (July to September) bring lush green landscapes."
Can you recommend some budget-friendly hotels in Shimla?,"Certainly! Some budget-friendly hotels in Shimla include Hotel Silverine, Hotel Surya, and Hotel Kapil."
How do I get around in Shimla?,"Shimla has a well-developed local transportation system. You can use local buses, taxis, and auto-rickshaws. The Ridge and Mall Road are pedestrian-friendly areas to explore on foot."
Where can I enjoy local Himachali cuisine in Shimla?,"Shimla offers a variety of Himachali dishes. Visit local eateries like Baljees, Indian Coffee House, and Himachali Rasoi to savor dishes like Sidu, Madra, and Tudkiya Bhath."
Are there any adventure activities in Shimla?,"Yes, Shimla offers adventure activities like paragliding, trekking, and ice skating (in winter). Kufri, a short distance from Shimla, is known for its adventure sports."
What are the shopping options in Shimla?,"Mall Road in Shimla is a popular shopping destination. You can find local handicrafts, woolens, and souvenirs. Lakkar Bazaar is known for wooden crafts, while Lower Bazaar offers a variety of goods."
How can I book a guided tour of Shimla?,You can book guided tours through local travel agencies or online platforms. Guided tours often cover major attractions and provide insights into the history and culture of Shimla.
What are some luxury hotels in Shimla?,"For a luxurious stay, consider hotels like The Oberoi Cecil, Wildflower Hall, and Clarkes Hotel. These hotels offer comfort and stunning views of the surrounding hills."
Is there a specific dress code for visiting religious places in Shimla?,"While there may not be a strict dress code, it's advisable to dress modestly when visiting religious places in Shimla. Avoid shorts and sleeveless tops, and be respectful of local customs."
How can I experience snowfall in Shimla?,Snowfall in Shimla usually occurs during the winter months. Plan your visit between December and February to have a chance of experiencing the magical snow-covered landscapes.
What are the options for day trips from Shimla?,"You can take day trips to nearby attractions like Kufri, Chail, and Naldehra. These places offer scenic beauty and additional opportunities for adventure and relaxation."
How can I participate in local cultural events in Shimla?,"Keep an eye out for local festivals and events happening during your visit. These may include cultural performances, fairs, and celebrations. Check with locals or event calendars for updates."
Are there any historical landmarks in Shimla?,"Shimla has several historical landmarks. The Viceregal Lodge, also known as Rashtrapati Niwas, is a notable colonial-era building with historical significance. Christ Church is another iconic landmark."
What are the must-visit attractions in Udaipur?,"Udaipur, the City of Lakes, is known for its stunning palaces and lakes. Must-visit attractions include City Palace, Lake Pichola, Jag Mandir, Jagdish Temple, and Saheliyon ki Bari."
How can I reach Udaipur?,"Udaipur is well-connected by air, rail, and road. Maharana Pratap Airport (UDR) is the nearest airport. Udaipur City Railway Station connects the city by train, and buses and taxis are available for local transport."
What is the best time to visit Udaipur?,"The best time to visit Udaipur is from October to March when the weather is pleasant. Winters are particularly enjoyable, and you can explore the city comfortably."
Can you recommend some budget-friendly hotels in Udaipur?,"Certainly! Some budget-friendly hotels in Udaipur include Mewar Haveli, Hotel Pichola Haveli, and Hotel Sarovar on Pichola."
How do I get around in Udaipur?,"Udaipur has local transportation options such as auto-rickshaws, taxis, and cycle-rickshaws. Boat rides on Lake Pichola are a scenic way to explore some attractions. Walking is also pleasant in the city center."
Where can I enjoy local Rajasthani cuisine in Udaipur?,"Udaipur offers a variety of Rajasthani dishes. Visit local restaurants like Ambrai, Jaiwana Haveli Rooftop Restaurant, and Natraj Dining Hall for traditional Rajasthani flavors."
Are there any cultural events or festivals in Udaipur that I should attend?,Udaipur hosts various cultural events and festivals. The Mewar Festival and the Shilpgram Festival showcase the rich culture and crafts of the region. Check the festival calendar for your travel dates.
What are the shopping options in Udaipur?,"Udaipur is known for its vibrant markets. Visit Bada Bazaar for traditional Rajasthani items, Hathi Pol for handicrafts, and Jagdish Temple Street for street shopping. The City Palace complex also has shops."
How can I book a boat ride on Lake Pichola?,Boat rides on Lake Pichola are popular. You can book them at designated boat points or through tour operators. Sunset boat rides offer spectacular views of the City Palace and Jag Mandir.
What are some luxury hotels in Udaipur?,"For a luxurious stay, consider hotels like The Oberoi Udaivilas, Taj Lake Palace, and The Leela Palace. These hotels offer royal hospitality and breathtaking views of the lakes."
Is there a specific dress code for visiting palaces in Udaipur?,"While there may not be a strict dress code, it's advisable to dress modestly when visiting palaces in Udaipur. Respectful attire is appreciated in places of historical and cultural significance."
What are the options for day trips from Udaipur?,"You can take day trips to places like Kumbhalgarh Fort, Ranakpur Jain Temple, and Chittorgarh Fort. These destinations offer historical significance and architectural marvels."
Can I attend a traditional Rajasthani dance performance in Udaipur?,"Yes, many hotels and cultural centers in Udaipur host traditional Rajasthani dance performances. Check with your hotel or inquire about local events for an authentic cultural experience."
How can I participate in a cooking class to learn Rajasthani cuisine?,Several cooking classes in Udaipur offer hands-on experiences in learning Rajasthani cuisine. Check with local culinary schools or your hotel for recommendations.
What are some historical facts about Udaipur?,"Udaipur, founded by Maharana Udai Singh II, served as the capital of the Mewar kingdom. The City Palace, built over centuries, reflects a blend of Rajput and Mughal architectural styles."
What are the must-visit attractions in Darjeeling?,"Darjeeling is known for its scenic beauty and tea plantations. Must-visit attractions include Tiger Hill, Batasia Loop, Peace Pagoda, Padmaja Naidu Himalayan Zoological Park, and the Darjeeling Himalayan Railway."
How can I reach Darjeeling?,"Darjeeling can be reached by various modes of transport. The nearest major airport is Bagdogra Airport (IXB). From there, you can hire a taxi or use shared cabs to reach Darjeeling. The Darjeeling Himalayan Railway also connects the town with New Jalpaiguri."
What is the best time to visit Darjeeling?,"The best time to visit Darjeeling is during the spring and autumn months, from March to May and September to November. The weather is pleasant, and the views of the Himalayas are clear during these periods."
Can you recommend some budget-friendly hotels in Darjeeling?,"Certainly! Some budget-friendly hotels in Darjeeling include Hotel Sonar Bangla, Dekeling Hotel, and Broadway Annexe. There are also budget-friendly homestay options that provide a local experience."
How do I get around in Darjeeling?,"Darjeeling has local transportation options such as shared taxis, local buses, and rented cars. The Darjeeling Himalayan Railway, a UNESCO World Heritage Site, is a unique way to experience the town and its surroundings."
Where can I try local Darjeeling tea?,"You can try Darjeeling tea at various tea estates and plantations. Makaibari Tea Estate, Happy Valley Tea Estate, and Glenburn Tea Estate offer tours and tastings. Local tea shops in the town also provide a selection of Darjeeling teas."
Are there any trekking opportunities in Darjeeling?,"Yes, Darjeeling offers trekking opportunities for different levels of expertise. Sandakphu Trek, Singalila Ridge Trek, and the trek to Phalut are popular choices for trekking enthusiasts."
What are some markets for shopping in Darjeeling?,"Darjeeling has markets like Chowk Bazaar, Nehru Road, and Batasia Loop Market where you can shop for local handicrafts, woolens, and souvenirs. The Tibetan Refugee Self Help Center is known for traditional Tibetan crafts."
Can I visit a tea plantation in Darjeeling?,"Yes, you can visit tea plantations in Darjeeling. Many estates, like Happy Valley Tea Estate and Makaibari Tea Estate, offer guided tours where you can learn about the tea-making process and enjoy scenic views."
What are some historical sites in Darjeeling?,"Apart from the colonial-era architecture, you can visit historical sites like the Peace Pagoda, Himalayan Mountaineering Institute, and the Padmaja Naidu Himalayan Zoological Park, which has a historical connection with the conservation of endangered species."
How can I experience the toy train ride in Darjeeling?,"The Darjeeling Himalayan Railway, also known as the toy train, offers a scenic ride through the hills. You can book tickets for specific routes and enjoy the charming journey, especially the Batasia Loop and Ghum, the highest railway station in India."
What are some local festivals celebrated in Darjeeling?,"Darjeeling celebrates festivals like Losar (Tibetan New Year), Dashain, and Tihar with enthusiasm. During these festivals, you can witness cultural events, traditional dances, and vibrant processions."
How can I book a guided tour of Darjeeling?,"You can book guided tours through local travel agencies or online platforms. Many tour operators offer packages that cover popular attractions, trekking experiences, and cultural insights."
Is there any particular etiquette to follow while visiting monasteries in Darjeeling?,"When visiting monasteries, it's advisable to maintain silence, remove your shoes before entering, and respect the religious practices. Photography may be restricted in certain areas, so it's good to ask for permission."
What are some viewpoints for panoramic views of the Himalayas in Darjeeling?,"To enjoy panoramic views of the Himalayas, visit viewpoints like Tiger Hill, Observatory Hill, and Batasia Loop. These locations provide breathtaking vistas, especially during sunrise."
What are the must-visit attractions in Amritsar?,"Amritsar is known for its rich cultural and religious heritage. Must-visit attractions include the Golden Temple (Harmandir Sahib), Jallianwala Bagh, Wagah Border, Durgiana Temple, and the Akal Takht."
How can I reach Amritsar?,"Amritsar is well-connected by air, rail, and road. Sri Guru Ram Dass Jee International Airport (ATQ) serves the city. Amritsar Junction is a major railway station, and there are regular bus services from nearby cities."
What is the best time to visit Amritsar?,"The best time to visit Amritsar is from October to March when the weather is pleasant. Winters are particularly enjoyable, and it's also the time when many festivals are celebrated with fervor."
Can you recommend some budget-friendly hotels in Amritsar?,"Certainly! Some budget-friendly hotels in Amritsar include Hotel Hong Kong Inn, Hotel CJ International, and Hotel City Heart. Additionally, there are affordable guesthouses and hostels available."
How do I get around in Amritsar?,"Amritsar has auto-rickshaws, cycle-rickshaws, and taxis for local transportation. E-rickshaws are also common. Walking is a good option for exploring the narrow lanes around the Golden Temple area."
Where can I enjoy traditional Punjabi cuisine in Amritsar?,"Amritsar is a paradise for food lovers. Enjoy traditional Punjabi cuisine at popular places like Bharawan Da Dhaba, Kesar Da Dhaba, and Brothers' Dhaba. Don't miss the langar (community kitchen) at the Golden Temple."
What is the significance of the Golden Temple?,"The Golden Temple, also known as Harmandir Sahib, is the holiest shrine in Sikhism. It's a symbol of equality, spirituality, and community service. The temple's architecture, surrounded by the sacred Amrit Sarovar, is truly breathtaking."
Is photography allowed inside the Golden Temple?,"Yes, photography is allowed in most areas of the Golden Temple complex. However, it's important to be respectful and avoid photography in certain prayer areas or during religious ceremonies."
Are there any evening ceremonies at the Golden Temple?,"Yes, the Golden Temple conducts the 'Palki Sahib' ceremony every evening, during which the Guru Granth Sahib is carried in a procession. The temple is beautifully illuminated, creating a serene and spiritual atmosphere."
What is the significance of the Wagah Border ceremony?,The Wagah Border ceremony is a daily military ceremony that takes place at the India-Pakistan border near Amritsar. It's known for the coordinated lowering of the flags and the energetic parade by the Border Security Force (BSF) and Pakistan Rangers.
Can I participate in the langar (community kitchen) at the Golden Temple?,"Yes, visitors are welcome to participate in the langar at the Golden Temple. It's a free community kitchen serving vegetarian meals to people of all backgrounds, emphasizing the Sikh principles of equality and selfless service."
How can I experience the local culture and traditions in Amritsar?,"To experience local culture, attend the traditional 'Punjabi jutti' (footwear) market, explore bustling bazaars like Hall Bazaar, and witness the vibrant and colorful festivals celebrated with dance, music, and processions."
Are there any museums in Amritsar worth visiting?,"Yes, you can visit the Partition Museum, which documents the history and impact of the partition of India in 1947. It provides a moving and informative experience about a significant period in Indian history."
How can I witness the beating retreat ceremony at the Wagah Border?,"To witness the beating retreat ceremony at the Wagah Border, plan to arrive early to secure a good viewing spot. It's advisable to check the timing in advance, as it varies with the sunset timings."
Can you recommend some hotels with a view of the Golden Temple?,"Certainly! Some hotels with a view of the Golden Temple include Ramada Amritsar, Hotel Pearl Inn & Suites, and Hotel City Park. These offer a splendid view of the temple from their premises."
What are the must-visit attractions in Kolkata?,"Kolkata, known for its cultural richness, has several must-visit attractions, including Victoria Memorial, Howrah Bridge, Indian Museum, Marble Palace, and Dakshineswar Kali Temple."
How can I reach Kolkata?,"Kolkata is well-connected by air, rail, and road. Netaji Subhas Chandra Bose International Airport (CCU) is the primary airport. Howrah Junction and Sealdah are major railway stations, and buses connect the city to various parts of India."
What is the best time to visit Kolkata?,"The best time to visit Kolkata is from October to March when the weather is pleasant. The city celebrates several festivals during this period, adding to the vibrant atmosphere."
Can you recommend some budget-friendly hotels in Kolkata?,"Certainly! Some budget-friendly hotels in Kolkata include The Corner Courtyard, Hotel Heera International, and Hotel VIP International. Additionally, there are affordable guesthouses and hostels available."
How do I get around in Kolkata?,"Kolkata has an extensive public transportation system. You can use the Kolkata Metro, buses, trams, auto-rickshaws, and cycle-rickshaws. Taxis and ride-sharing services like Ola and Uber are also available."
Where can I experience Kolkata's street food?,"Kolkata is a paradise for food lovers. Try street food in areas like Park Street, New Market, and College Street. Don't miss trying local specialties like kathi rolls, puchka (pani puri), and rasgulla."
Are there any famous markets in Kolkata for shopping?,"Yes, Kolkata offers a variety of markets. New Market, Gariahat Market, and College Street are famous for shopping. You can find clothing, books, handicrafts, and more."
How can I explore the cultural heritage of Kolkata?,"Explore Kolkata's cultural heritage by visiting the Indian Museum, Victoria Memorial, Rabindra Sadan, and Kalighat Kali Temple. Attend cultural events, music concerts, and literature festivals to experience the city's artistic side."
What are some luxury hotels in Kolkata?,"For a luxurious stay, you can consider hotels like The Oberoi Grand, Taj Bengal, and ITC Royal Bengal. These hotels offer a blend of comfort and elegance."
Can you recommend some parks and gardens in Kolkata?,"Kolkata has beautiful parks and gardens. Visit the Maidan, Eco Park, and Botanical Gardens for a leisurely experience. The Victoria Memorial Gardens are also a serene place to explore."
How can I witness the Durga Puja festival in Kolkata?,"Durga Puja is a major festival in Kolkata. Explore famous pandals, participate in cultural events, and enjoy the artistic decorations. It's advisable to plan your visit during this festival for a unique experience."
Are there any river cruises in Kolkata?,"Yes, you can enjoy river cruises on the Hooghly River. Experience the cityscape and historical landmarks from the water. Sunset cruises are particularly popular for a romantic and scenic journey."
What are some iconic landmarks in Kolkata?,"Apart from Howrah Bridge and Victoria Memorial, iconic landmarks include Marble Palace, Writer's Building, and Shaheed Minar. Explore the city's history and architecture through these landmarks."
How can I attend a cultural performance in Kolkata?,"Kolkata hosts various cultural performances. Check schedules at Nandan, Rabindra Sadan, and Academy of Fine Arts for theater, dance, and music performances. The city's vibrant arts scene offers something for every cultural enthusiast."
What is the significance of Dakshineswar Kali Temple?,Dakshineswar Kali Temple is a revered Hindu temple dedicated to Goddess Kali. It is known for its association with Sri Ramakrishna Paramahansa. The temple's architecture and the serene surroundings along the Hooghly River attract devotees and tourists alike.
What are the must-visit attractions in Khajuraho?,"Khajuraho is renowned for its ancient temples known for intricate erotic carvings. Must-visit attractions include the Western Group of Temples, Eastern Group of Temples, Duladeo Temple, and Kandariya Mahadeva Temple."
How can I reach Khajuraho?,"Khajuraho has a domestic airport, Khajuraho Airport (HJR), with flights connecting to major cities. The nearest railway station is Khajuraho Railway Station. Buses and taxis are available for local transportation."
What is the best time to visit Khajuraho?,The best time to visit Khajuraho is from October to March when the weather is pleasant. Winters are ideal for exploring the temples and attending the Khajuraho Dance Festival.
Can you recommend some budget-friendly hotels in Khajuraho?,"Certainly! Some budget-friendly hotels in Khajuraho include Hotel Isabel Palace, Hotel Zen, and The Grand Temple View Hotel. Additionally, there are guesthouses and lodges catering to various budgets."
How do I get around in Khajuraho?,"Khajuraho is a relatively small town, and many attractions are within walking distance. You can also use auto-rickshaws and cycle-rickshaws for local transportation. Taxis are available for more extended journeys."
What is the significance of the erotic sculptures in Khajuraho temples?,"The erotic sculptures in Khajuraho temples are part of the overall depiction of life, including love and sexuality, in ancient times. They showcase the celebration of human emotions and are considered symbolic of the fusion of physical and spiritual realms."
Are there any cultural events or festivals in Khajuraho?,"Khajuraho hosts the Khajuraho Dance Festival, usually held in February. This festival showcases classical Indian dances against the backdrop of the beautifully illuminated temples, providing a unique cultural experience."
What are the dining options in Khajuraho?,Khajuraho offers a range of dining options. Try local and North Indian cuisines at restaurants near the Western Group of Temples. There are also cafes and eateries serving international and vegetarian dishes.
Can you recommend some guided tours of Khajuraho?,"Several travel agencies offer guided tours of Khajuraho, providing insights into the history and architecture of the temples. You can also hire local guides at the temple complexes for a more personalized experience."
What are some nearby attractions to explore from Khajuraho?,"Khajuraho is close to the Panna National Park, known for its wildlife and natural beauty. You can also visit the Raneh Falls and the Beni Sagar Dam for a day trip from Khajuraho."
How can I explore the local handicrafts and souvenirs in Khajuraho?,"Explore the local markets for handicrafts like stone carvings, sculptures, and traditional jewelry. The markets around the temple complexes offer a variety of souvenirs reflecting the rich cultural heritage of Khajuraho."
What are the photography guidelines at the Khajuraho temples?,"While photography is generally allowed at the Khajuraho temples, it's advisable to check and respect any specific guidelines or restrictions at each temple. Some temples may have restrictions on certain areas or during specific rituals."
Is it possible to attend a traditional dance performance in Khajuraho?,"Yes, you can attend traditional dance performances in Khajuraho, especially during the Khajuraho Dance Festival. Some hotels and cultural centers also organize dance performances, providing an opportunity to witness classical Indian dance forms."
How can I book tickets for the Khajuraho Dance Festival?,Tickets for the Khajuraho Dance Festival can be purchased at the venue or through authorized ticket vendors. It's advisable to check the festival schedule and book tickets in advance if possible.
What are the opening hours of the Khajuraho temples?,"The Khajuraho temples are generally open from sunrise to sunset. It's recommended to check the specific opening hours for each temple, as they may vary. Some temples may have restricted access during specific hours or rituals."
What are the must-visit attractions in Kanyakumari?,"Kanyakumari is known for its unique geographical location where the Arabian Sea, Bay of Bengal, and Indian Ocean meet. Must-visit attractions include the Vivekananda Rock Memorial, Thiruvalluvar Statue, Kanyakumari Beach, and Padmanabhapuram Palace."
How can I reach Kanyakumari?,"Kanyakumari is well-connected by road, rail, and air. The nearest airport is Trivandrum International Airport (TRV), and the Kanyakumari Railway Station has regular train services. Buses and taxis are available for local transport."
What is the best time to visit Kanyakumari?,The best time to visit Kanyakumari is from October to March when the weather is pleasant. This period allows for comfortable exploration of outdoor attractions and witnessing sunrise and sunset views at the southernmost tip of India.
Can you recommend some budget-friendly hotels in Kanyakumari?,"Certainly! Some budget-friendly hotels in Kanyakumari include Hotel Temple Citi, Hotel Sun World, and Hotel Sangam. Additionally, there are guesthouses and lodges catering to various budgets."
How do I get around in Kanyakumari?,"Kanyakumari is a relatively small town, and many attractions are within walking distance. Auto-rickshaws and taxis are available for local transportation. Boats are used to reach Vivekananda Rock Memorial and Thiruvalluvar Statue."
What is the significance of the Vivekananda Rock Memorial?,The Vivekananda Rock Memorial is dedicated to Swami Vivekananda and stands on a rock island. It is a pilgrimage site and a meditation spot. The memorial offers panoramic views of the confluence of the three seas and is accessible by boat.
Are there any cultural events or festivals in Kanyakumari?,"Kanyakumari hosts various festivals and events. The Cape Festival, usually held in October, celebrates the unique location of Kanyakumari. The Chaitra Purnima Festival attracts pilgrims and tourists for a holy dip in the sea."
What are the dining options in Kanyakumari?,"Kanyakumari offers a variety of dining options. Seafood is popular, and you can try local South Indian cuisine. Restaurants near the beach and town center serve a mix of vegetarian and non-vegetarian dishes."
Can you recommend some boat tours in Kanyakumari?,Boat tours are available for visiting the Vivekananda Rock Memorial and Thiruvalluvar Statue. These tours provide a unique experience of traveling by boat to these iconic landmarks and witnessing the breathtaking views of the surrounding seas.
What are some nearby attractions to explore from Kanyakumari?,"From Kanyakumari, you can visit the historic Padmanabhapuram Palace, which is about 20 kilometers away. The Suchindram Thanumalayan Temple and Udayagiri Fort are also interesting places to explore in the vicinity."
How can I witness the sunrise and sunset in Kanyakumari?,Kanyakumari is famous for its stunning sunrise and sunset views. You can witness the sunrise at Kanyakumari Beach and the sunset at the Sunset Point. The colors of the sky and the meeting point of the seas make these moments memorable.
Is it possible to take a ferry to the Thiruvalluvar Statue?,"Yes, ferries operate from the Kanyakumari Jetty to reach the Thiruvalluvar Statue and Vivekananda Rock Memorial. The short boat ride provides scenic views of the seas, and you can explore these landmarks on the rocky island."
What are the shopping options in Kanyakumari?,"Kanyakumari offers shopping for local handicrafts, seashell items, and traditional clothing. The markets near the beach and town center have shops selling souvenirs and religious artifacts. Look for seashell jewelry and trinkets as popular buys."
How can I participate in the Chaitra Purnima Festival in Kanyakumari?,"The Chaitra Purnima Festival in Kanyakumari attracts pilgrims for a holy dip in the sea. You can participate by joining the festival celebrations, witnessing rituals, and experiencing the cultural events that take place during this auspicious occasion."
What are the transportation options for day trips from Kanyakumari?,"For day trips from Kanyakumari, you can hire taxis or join organized tours to explore nearby attractions like Padmanabhapuram Palace, Suchindram Thanumalayan Temple, and Udayagiri Fort. Local buses are also available for some destinations."
What are the must-visit attractions in Mysuru?,"Mysuru is known for its rich heritage and cultural landmarks. Must-visit attractions include the Mysuru Palace, Chamundi Hills, Sri Chamarajendra Zoological Gardens (Mysuru Zoo), Jaganmohan Palace Art Gallery, and the Brindavan Gardens."
How can I reach Mysuru?,"Mysuru is well-connected by road, rail, and air. The nearest airport is Mysuru Airport (MYQ), and the Mysuru Junction is a major railway station. Buses and taxis are available for local transport within the city."
What is the best time to visit Mysuru?,The best time to visit Mysuru is from October to March when the weather is pleasant. This period allows for comfortable exploration of outdoor attractions and cultural events.
Can you recommend some budget-friendly hotels in Mysuru?,"Certainly! Some budget-friendly hotels in Mysuru include Hotel Adhi Manor, Suvarna Residency, and Hotel Roopa. Mysuru offers a range of accommodation options catering to different budgets."
How do I get around in Mysuru?,"Mysuru has a well-organized local transportation system. Auto-rickshaws, cycle-rickshaws, and taxis are available for short distances. Buses operated by the Karnataka State Road Transport Corporation (KSRTC) connect different parts of the city."
Are there any cultural events or festivals in Mysuru?,"Mysuru is known for the grand Dasara Festival celebrated in October. The Mysuru Palace is illuminated during this period, and cultural events, processions, and exhibitions are organized. The Jambu Savari, a grand procession, is a highlight of Dasara."
What are the shopping options in Mysuru?,"Mysuru is famous for its silk sarees, sandalwood products, and traditional crafts. Devaraja Market is a popular shopping destination. The Government Silk Weaving Factory and Cauvery Handicrafts Emporium offer authentic Mysuru silk and handicrafts."
How can I explore the Mysuru Palace?,"The Mysuru Palace is a major attraction. Visitors can explore the palace's architecture, royal artifacts, and history. Guided tours are available, and the palace is often illuminated during special events, providing a magical view."
What are the nearby places to visit from Mysuru?,"From Mysuru, you can visit the beautiful Brindavan Gardens, located about 20 kilometers away. The historic town of Srirangapatna, known for its association with Tipu Sultan, is also a short drive from Mysuru."
Is photography allowed inside the Mysuru Palace?,"Yes, photography is allowed inside the Mysuru Palace, but there might be restrictions in certain areas. It's advisable to check with the palace authorities for any specific guidelines and permissions related to photography."
What are the dining options in Mysuru?,"Mysuru offers a variety of dining options. You can try traditional South Indian cuisine, local Mysuru delicacies, and international dishes. Restaurants and cafes in the city cater to diverse culinary preferences."
How can I participate in the Dasara Festival in Mysuru?,"The Dasara Festival in Mysuru is a grand celebration. Visitors can participate in the festivities, witness the Jambu Savari procession, and enjoy cultural events. It's advisable to plan the visit during Dasara to experience the vibrant atmosphere."
What are the options for day trips from Mysuru?,"Mysuru is well-connected to nearby attractions. You can plan day trips to places like Nanjangud, Somnathpur, and Talakad. These locations offer historical temples, architectural marvels, and a glimpse of rural life."
Are there any wildlife sanctuaries near Mysuru?,"Yes, the Bandipur National Park and Nagarhole National Park are not far from Mysuru. These wildlife sanctuaries are known for their diverse flora and fauna. Safari tours are available for wildlife enthusiasts."
How can I enjoy the musical fountain show at Brindavan Gardens?,"The musical fountain show at Brindavan Gardens is a popular attraction. It is held in the evening, and visitors can enjoy the synchronized play of water, lights, and music. The show adds to the charm of the beautiful gardens."
What are the must-visit attractions in Rajkot?,"Rajkot offers a mix of historical and cultural attractions. Must-visit places include Jubilee Garden, Watson Museum, Mahatma Gandhi High School, and Kaba Gandhi No Delo (Gandhi's childhood residence)."
How can I reach Rajkot?,"Rajkot is well-connected by air, rail, and road. The Rajkot Airport (RAJ) serves the city, and there are regular train services. Buses and taxis are available for local transportation."
What is the best time to visit Rajkot?,"The best time to visit Rajkot is during the winter months, from October to March, when the weather is pleasant. This period is suitable for exploring outdoor attractions comfortably."
Can you recommend some budget-friendly hotels in Rajkot?,"Certainly! Some budget-friendly hotels in Rajkot include Hotel Harmony, Hotel KK International, and The Grand Regency. Rajkot provides various accommodation options catering to different budgets."
How do I get around in Rajkot?,"Rajkot has a well-organized transportation system. Auto-rickshaws, cycle-rickshaws, and taxis are available for short distances. Local buses operated by the Rajkot Municipal Corporation connect different parts of the city."
Are there any cultural events or festivals in Rajkot?,"Rajkot celebrates various festivals, and cultural events are organized throughout the year. During festivals like Navratri and Diwali, the city comes alive with vibrant decorations, processions, and cultural performances."
What are the shopping options in Rajkot?,Rajkot is known for its traditional handicrafts and jewelry. The markets around Jubilee Garden and Yagnik Road offer a variety of items. You can also explore the Bangdi Bazaar for traditional Rajkot jewelry.
How can I explore Mahatma Gandhi's connection with Rajkot?,"To explore Mahatma Gandhi's connection with Rajkot, visit Kaba Gandhi No Delo, his childhood residence. The residence has been converted into a museum showcasing Gandhi's life and belongings."
What are the nearby places to visit from Rajkot?,"From Rajkot, you can plan visits to places like Wankaner, Morbi, and Jamnagar. These places offer historical sites, palaces, and a glimpse of the cultural heritage of the region."
Is there a local cuisine in Rajkot that I should try?,"Yes, Rajkot has its own set of local delicacies. Don't miss trying the famous Kathiawadi cuisine, including dishes like Bhakri, Thepla, Undhiyu, and Srikhand. Local eateries and restaurants offer authentic flavors."
What are the dining options in Rajkot?,"Rajkot offers a range of dining options. You can try local Gujarati cuisine, North Indian dishes, and international flavors. Restaurants in the city cater to diverse culinary preferences."
How can I spend a day in Rajkot?,"A day in Rajkot can include visits to Jubilee Garden, Watson Museum, Kaba Gandhi No Delo, and exploring the local markets. Enjoying traditional Gujarati cuisine and attending cultural events or festivals can add to the experience."
What are the options for day trips from Rajkot?,"Rajkot's proximity to nearby attractions allows for day trips. Consider visiting places like Ranjit Vilas Palace in Wankaner, Darbargadh in Morbi, and Lakhota Lake in Jamnagar for a day of exploration."
Are there any parks or gardens in Rajkot for leisure?,"Yes, Jubilee Garden is a popular park in Rajkot where visitors can relax and enjoy greenery. The garden features an amusement park, a zoo, and a museum, making it an ideal spot for leisure."
How can I explore the traditional craftsmanship of Rajkot?,"To explore traditional craftsmanship, visit the markets around Jubilee Garden and Yagnik Road. You can find intricate handicrafts, traditional Rajkot jewelry, and other locally-made items."
What are the must-visit attractions in Leh-Ladakh?,"Leh-Ladakh is known for its stunning landscapes and monasteries. Must-visit places include Pangong Lake, Nubra Valley, Magnetic Hill, Shanti Stupa, and Thiksey Monastery."
How can I reach Leh-Ladakh?,"Leh-Ladakh is primarily accessed by air. Kushok Bakula Rimpochee Airport (IXL) in Leh is the main airport. Additionally, road journeys from Manali and Srinagar offer breathtaking views, but these routes are open only during specific seasons."
What is the best time to visit Leh-Ladakh?,"The best time to visit Leh-Ladakh is during the summer months, from May to September, when the weather is pleasant and road access is open. Many travelers also visit in winter to witness the snow-covered landscapes, but some routes may be closed."
Can you recommend some budget-friendly accommodations in Leh-Ladakh?,"Certainly! Some budget-friendly accommodations in Leh-Ladakh include Ladakh Residency, Hotel Kidar, and The Kaal. The region offers a variety of stay options, including guesthouses and homestays."
How do I get around in Leh-Ladakh?,"Local transportation in Leh-Ladakh primarily involves rented vehicles like motorcycles, cars, or taxis. Shared taxis and local buses may also be available for short-distance travel within Leh town."
What are the popular trekking routes in Leh-Ladakh?,"Leh-Ladakh is a paradise for trekkers. Popular trekking routes include the Markha Valley Trek, Stok Kangri Trek, and Chadar Trek. Each trek offers a unique adventure amidst the breathtaking landscapes."
Are there any cultural festivals in Leh-Ladakh that I should attend?,"Yes, Leh-Ladakh hosts various cultural festivals. The Hemis Festival, Ladakh Festival, and Sindhu Darshan Festival are celebrated with vibrant traditional performances, masked dances, and cultural displays."
What is the significance of monasteries in Leh-Ladakh?,"Monasteries play a significant role in the culture of Leh-Ladakh. They are not only religious centers but also architectural marvels. Thiksey Monastery, Hemis Monastery, and Diskit Monastery are among the prominent ones."
How can I acclimatize to the high altitude in Leh-Ladakh?,"Acclimatizing to high altitude is crucial. Spend the first day in Leh for rest and light activities. Stay hydrated, avoid strenuous activities initially, and consider carrying medications for altitude sickness after consulting a healthcare professional."
What are the options for adventure activities in Leh-Ladakh?,"Leh-Ladakh offers various adventure activities, including river rafting, mountain biking, and camel safaris in the Nubra Valley. Pangong Lake also provides opportunities for boating and camping."
How can I capture the beauty of Leh-Ladakh through photography?,"Leh-Ladakh is a photographer's delight. Capture the mesmerizing landscapes, monasteries, and local life. Ensure you have a good camera with extra batteries and memory cards. Early mornings and evenings provide the best lighting."
What are the precautions for traveling to Leh-Ladakh?,"Traveling to Leh-Ladakh requires certain precautions. Stay hydrated, dress in layers, use sunscreen, and carry essential medications. It's advisable to travel with a local guide or join group tours for a safer experience."
Can you recommend some unique experiences in Leh-Ladakh?,"Certainly! Experience a homestay in a Ladakhi village, witness a sunrise or sunset at Pangong Lake, and explore the ancient petroglyphs at Langza. These unique experiences offer a deeper connection with the region."
How can I interact with the local communities in Leh-Ladakh?,"Engaging with local communities adds to the cultural experience. Visit local markets, attend festivals, and consider a homestay. Respect local customs and traditions, and seek permission before taking photographs."
What are the precautions for traveling to Leh-Ladakh during winter?,"Winter travel requires additional precautions. Many roads and passes are closed, so check for accessibility. Dress in layers, carry thermal wear, and be prepared for sub-zero temperatures. Plan your itinerary considering weather conditions."
What makes the Rann of Kutch a unique destination?,"The Rann of Kutch is known for its vast white salt desert, making it a unique and mesmerizing destination. The landscape transforms during the Rann Utsav, an annual cultural festival."
When is the best time to visit the Rann of Kutch?,"The best time to visit the Rann of Kutch is during the winter months, from October to March. This is when the weather is pleasant, and the Rann Utsav is celebrated, showcasing the rich cultural heritage of the region."
How can I reach the Rann of Kutch?,"The nearest airport to the Rann of Kutch is Bhuj Airport (BHJ). From Bhuj, you can hire a taxi or take a bus to reach the Rann. Bhuj also has a railway station connecting to major cities, and buses are available from various locations in Gujarat."
What are the key attractions in the Rann of Kutch?,"Key attractions include the White Rann, Kalo Dungar (Black Hill), Kutch Museum, and various traditional villages. During the Rann Utsav, visitors can enjoy cultural performances, camel safaris, and local crafts."
Can you recommend some accommodations near the Rann of Kutch?,"Certainly! Some accommodations near the Rann of Kutch include Rann Utsav Tent City, Toran Rann Resort, and Shaam-e-Sarhad Village Resort. Staying in traditional bhungas (mud huts) is a unique experience."
What activities can I enjoy during the Rann Utsav?,"The Rann Utsav offers a plethora of activities, including traditional dance performances, live music, camel safaris, and handicraft shopping. You can also witness the magical sight of the White Rann under the full moon."
Are there any wildlife sanctuaries near the Rann of Kutch?,"Yes, the Kutch Desert Wildlife Sanctuary is nearby. It is home to various species of wildlife, including the Indian wild ass. Birdwatchers will appreciate the diverse avian species found in the area."
How can I explore the traditional arts and crafts of Kutch?,"Exploring local villages is the best way to witness Kutch's rich handicrafts. Bhujodi is known for weaving, Nirona for Rogan art, and Hodka for traditional embroidery. Visit these villages to buy authentic handmade crafts."
What is the significance of Kalo Dungar (Black Hill)?,Kalo Dungar is the highest point in Kutch and offers panoramic views of the White Rann. The Dattatreya Temple atop the hill is a popular pilgrimage site. Visitors often enjoy the unique experience of the 'magnetic hill' illusion nearby.
Can I visit the Rann of Kutch during the monsoon?,Visiting the Rann of Kutch during the monsoon is not recommended as the salt desert may become muddy and inaccessible. The best time to experience the White Rann is during the winter months.
How can I book tickets for the Rann Utsav?,"Tickets for the Rann Utsav, including accommodation in the Tent City, can be booked through the official website of the Gujarat Tourism Corporation. It's advisable to book in advance, especially during the peak season."
Are there any cultural events or festivals in Kutch throughout the year?,"Apart from the Rann Utsav, Kutch hosts various cultural events. Bhujia Hill Festival, Bhuj Carnival, and Sharad Utsav are celebrated with cultural performances, folk dances, and traditional music."
Can I experience a desert safari in the Rann of Kutch?,"Yes, desert safaris are a popular activity in the Rann of Kutch. You can take camel safaris or hire a jeep to explore the vast expanse of the salt desert. Experienced guides provide insights into the region's unique landscape."
What are the local cuisines I should try in Kutch?,"Kutch offers a variety of traditional Gujarati dishes. Try Kutchi Dabeli, Kutchi Bhakri with Ghee, and local sweets like Kutchi Pakwan. Dhabeli and Chana Chaat are popular street food items in the region."
How can I reach traditional villages in Kutch known for handicrafts?,"You can hire a taxi or join guided tours to visit traditional villages like Bhujodi, Nirona, and Hodka. These villages are known for specific handicrafts, and you can interact with local artisans to learn about their craft."
What makes the Andaman and Nicobar Islands a unique destination?,"The Andaman and Nicobar Islands are known for their stunning beaches, vibrant coral reefs, and diverse marine life. The islands offer a perfect blend of natural beauty, adventure, and rich history."
When is the best time to visit the Andaman and Nicobar Islands?,"The best time to visit the Andaman and Nicobar Islands is from October to May. During this period, the weather is pleasant, and the sea is calm, making it ideal for water activities and beach exploration."
How can I reach the Andaman and Nicobar Islands?,"You can reach the Andaman and Nicobar Islands by air and sea. The Veer Savarkar International Airport in Port Blair is the main airport. Regular flights operate from major cities. Ships also connect Port Blair with Chennai, Kolkata, and Vishakhapatnam."
What are the key attractions in the Andaman and Nicobar Islands?,"Key attractions include Radhanagar Beach, Cellular Jail National Memorial, Ross Island, Neil Island, and the North Bay Island. The islands are also famous for their coral reefs and underwater marine life."
Can you recommend some accommodations in the Andaman and Nicobar Islands?,"Certainly! Some accommodations in the Andaman and Nicobar Islands include Barefoot at Havelock, Symphony Palms Beach Resort, and SeaShell, Neil. There are options ranging from luxury resorts to budget-friendly stays."
What water activities can I enjoy in the Andaman and Nicobar Islands?,"The islands offer a variety of water activities, including snorkeling, scuba diving, sea walking, and kayaking. The crystal-clear waters and vibrant coral reefs make it a paradise for water enthusiasts."
Are there any historical sites to explore in the Andaman and Nicobar Islands?,"Yes, the Cellular Jail National Memorial in Port Blair is a significant historical site. Ross Island, once the administrative headquarters during the British era, is another must-visit place with its colonial ruins."
What is the significance of Radhanagar Beach?,"Radhanagar Beach, located on Havelock Island, is renowned for its pristine white sand and turquoise waters. It has been consistently ranked as one of the best beaches globally, offering a serene and picturesque setting."
How can I explore the underwater marine life in the Andaman Islands?,"To explore the underwater marine life, you can engage in scuba diving and snorkeling. The islands are home to vibrant coral reefs, diverse fish species, and other marine wonders. Experienced guides and instructors are available for safe exploration."
What are the options for island hopping in the Andaman and Nicobar Islands?,"Island hopping is a popular activity, especially between Havelock, Neil, and Ross Islands. Regular ferry services connect these islands, providing an opportunity to explore their unique charm and attractions."
Can I witness bioluminescence in the Andaman Sea?,"Yes, certain beaches in the Andaman Islands, like Havelock Island, are known for bioluminescence. The phenomenon, caused by glowing plankton, creates a surreal glow in the water during the night. It's a magical experience."
What are some local dishes to try in the Andaman and Nicobar Islands?,"Try local dishes like seafood curries, fish fry, coconut-based preparations, and traditional Nicobari cuisine. Seafood lovers will find a variety of fresh catches prepared in unique Andamanese styles."
Are there any trekking opportunities in the Andaman Islands?,"Yes, there are trekking opportunities, particularly in places like Chidiya Tapu and Mount Harriet National Park. These treks offer beautiful views of the landscapes and are suitable for both beginners and experienced trekkers."
How can I learn about the indigenous cultures of the Andaman and Nicobar Islands?,Visit museums like the Anthropological Museum and the Samudrika Marine Museum in Port Blair to learn about the indigenous cultures and tribes of the islands. These museums showcase the rich heritage and diversity of the region.
What precautions should I take for responsible tourism in the Andaman and Nicobar Islands?,"Practice responsible tourism by respecting local customs, not disturbing marine life during water activities, and avoiding littering. Follow guidelines provided by tour operators to ensure a sustainable and eco-friendly travel experience."